HITS	ASN	HOLDER
6	ASAS398324	CENSYS-ARIN-01, US
6	ASAS201814	Mevspace MEVSPACE sp. z o.o., PL
5	ASAS398705	CENSYS-ARIN-02, US
4	ASAS398324	CENSYS-ARIN-01, US
4	ASAS213613	BotShield-LTD BOTSHIELD LTD, GB
4	ASAS211298	DRIFTNET Driftnet Ltd, GB
4	ASAS201814	Mevspace MEVSPACE sp. z o.o., PL
3	ASAS398705	CENSYS-ARIN-02, US
3	ASAS211298	DRIFTNET Driftnet Ltd, GB
3	ASAS202425	INT-NETWORK IP Volume inc, SC
3	ASAS202425	INT-NETWORK IP Volume inc, SC
2	ASAS6939	HURRICANE, US
2	ASAS52053	REDHEBERG REDHEBERG Association declaree, FR
2	ASAS4837	CHINA169-BACKBONE CHINA UNICOM China169 Backbone, CN
2	ASAS398722	CENSYS-ARIN-03, US
2	ASAS398324	CENSYS-ARIN-01, US
2	ASAS216167	SKOALI Skoali SAS, FR
2	ASAS211298	DRIFTNET Driftnet Ltd, GB
2	ASAS210848	TK-NET Telkom Internet LTD, SC
2	ASAS209559	XHOST-INTERNET-SOLUTIONS XHOST INTERNET SOLUTIONS LP, GB
2	ASAS202425	INT-NETWORK IP Volume inc, SC
2	ASAS202425	INT-NETWORK IP Volume inc, SC
2	ASAS202425	INT-NETWORK IP Volume inc, SC
2	ASAS174	COGENT-174, US
2	ASAS16276	OVH OVH SAS, FR
1	ASAS9808	CHINAMOBILE-CN China Mobile Communications Group Co., Ltd., CN
1	ASAS9465	AGOTOZPTELTD-AS-AP AGOTOZ PTE. LTD., SG
1	ASAS8359	MTS MTS PJSC, RU
1	ASAS8285	Versija SIA, LV
1	ASAS7713	TELKOMNET-AS-AP PT Telekomunikasi Indonesia, ID
1	ASAS61112	AkileCloud AKILE LTD, GB
1	ASAS58461	CT-HANGZHOU-IDC No.288,Fu-chun Road, CN
1	ASAS57509	LL-Investment-Ltd L&amp;L Investment Ltd., BG
1	ASAS57509	LL-Investment-Ltd L&amp;L Investment Ltd., BG
1	ASAS56046	CMNET-JIANGSU-AP China Mobile communications corporation, CN
1	ASAS55990	HWCSNET Huawei Cloud Service data center, CN
1	ASAS55256	NETSKOPE, US
1	ASAS53667	PONYNET, US
1	ASAS52804	ESTREITONET LTDA, BR
1	ASAS51852	PLI-AS Private Layer INC, PA
1	ASAS51852	PLI-AS Private Layer INC, PA
1	ASAS51396	PFCLOUD Pfcloud UG, DE
1	ASAS51396	PFCLOUD Pfcloud UG, DE
1	ASAS51396	PFCLOUD Pfcloud UG, DE
1	ASAS51115	HLL-AS HLL LLC, RU
1	ASAS50580	MARIO Mario Networks Limited, GB
1	ASAS50360	TAMATIYA-AS Tamatiya EOOD, BG
1	ASAS50360	TAMATIYA-AS Tamatiya EOOD, BG
1	ASAS50360	TAMATIYA-AS Tamatiya EOOD, BG
1	ASAS50360	TAMATIYA-AS Tamatiya EOOD, BG
1	ASAS49981	WorldStream WorldStream B.V., NL
1	ASAS49870	AS49870-BV Alsycon B.V., NL
1	ASAS49581	FerdinandZink Ferdinand Zink trading as Tube-Hosting, DE
1	ASAS4837	CHINA169-BACKBONE CHINA UNICOM China169 Backbone, CN
1	ASAS47890	UNMANAGED-DEDICATED-SERVERS UNMANAGED LTD, GB
1	ASAS45528	TIKONAIN-AS Tikona Infinet Ltd., IN
1	ASAS45102	ALIBABA-CN-NET Alibaba US Technology Co., Ltd., CN
1	ASAS45090	TENCENT-NET-AP Shenzhen Tencent Computer Systems Company Limited, CN
1	ASAS45090	TENCENT-NET-AP Shenzhen Tencent Computer Systems Company Limited, CN
1	ASAS44244	IranCell-AS Iran Cell Service and Communication Company, IR
1	ASAS42473	AS-ANEXIA ANEXIA Internetdienstleistungs GmbH, AT
1	ASAS4134	CHINANET-BACKBONE No.31,Jin-rong Street, CN
1	ASAS401116	NYBULA, US
1	ASAS401116	NYBULA, US
1	ASAS401115	EKABI, US
1	ASAS400161	HAWAIIRESEARCH, US
1	ASAS398722	CENSYS-ARIN-03, US
1	ASAS398705	CENSYS-ARIN-02, US
1	ASAS398324	CENSYS-ARIN-01, US
1	ASAS398324	CENSYS-ARIN-01, US
1	ASAS396982	GOOGLE-CLOUD-PLATFORM, US
1	ASAS396982	GOOGLE-CLOUD-PLATFORM, US
1	ASAS38283	CHINANET-SCIDC-AS-AP CHINANET SiChuan Telecom Internet Data Center, CN
1	ASAS37963	ALIBABA-CN-NET Hangzhou Alibaba Advertising Co.,Ltd., CN
1	ASAS36352	AS-COLOCROSSING, US
1	ASAS35916	MULTA-ASN1, US
1	ASAS34665	PINDC-AS Petersburg Internet Network ltd., RU
1	ASAS32934	FACEBOOK, US
1	ASAS32934	FACEBOOK, US
1	ASAS32934	FACEBOOK, US
1	ASAS32934	FACEBOOK, US
1	ASAS29484	RUB-AS Ruhr-Universitaet Bochum, DE
1	ASAS269538	CONECTEC NET LTDA, BR
1	ASAS26832	RICAWEBSERVICES, CA
1	ASAS264293	Smart Solucoes em Telecomunicacoes, BR
1	ASAS24444	CMNET-V4SHANDONG-AS-AP Shandong Mobile Communication Company Limited, CN
1	ASAS23969	TOT-NET TOT Public Company Limited, TH
1	ASAS23470	RELIABLESITE, US
1	ASAS216167	SKOALI Skoali SAS, FR
1	ASAS216167	SKOALI Skoali SAS, FR
1	ASAS216167	SKOALI Skoali SAS, FR
1	ASAS215479	PERFECTO-AS Perfecto Consultoria E Apoio Administrativo LTDA, BR
1	ASAS215479	PERFECTO-AS Perfecto Consultoria E Apoio Administrativo LTDA, BR
1	ASAS215292	Gravhosting Gravhosting LLC, US
1	ASAS214967	OPTIBOUNCE Optibounce, LLC, US
1	ASAS214943	RAILNET Railnet LLC, US
1	ASAS214943	RAILNET Railnet LLC, US
1	ASAS214943	RAILNET Railnet LLC, US
1	ASAS214940	KPRONET KPROHOST LLC, US
1	ASAS214295	SKYNET SKYNET NETWORK LTD, GB
1	ASAS214295	SKYNET SKYNET NETWORK LTD, GB
1	ASAS214295	SKYNET SKYNET NETWORK LTD, GB
1	ASAS214295	SKYNET SKYNET NETWORK LTD, GB
1	ASAS214295	SKYNET SKYNET NETWORK LTD, GB
1	ASAS213230	HETZNER-CLOUD2-AS Hetzner Online GmbH, DE
1	ASAS212283	ROZA-AS ROZA HOLIDAYS EOOD, BG
1	ASAS212283	ROZA-AS ROZA HOLIDAYS EOOD, BG
1	ASAS212283	ROZA-AS ROZA HOLIDAYS EOOD, BG
1	ASAS212283	ROZA-AS ROZA HOLIDAYS EOOD, BG
1	ASAS212283	ROZA-AS ROZA HOLIDAYS EOOD, BG
1	ASAS212238	CDNEXT Datacamp Limited, GB
1	ASAS211298	DRIFTNET Driftnet Ltd, GB
1	ASAS211298	DRIFTNET Driftnet Ltd, GB
1	ASAS211059	tribeka-as Tribeka Web Advisors S.A., PA
1	ASAS210848	TK-NET Telkom Internet LTD, SC
1	ASAS210644	AEZA-AS AEZA INTERNATIONAL LTD, GB
1	ASAS209605	hostbaltic UAB Host Baltic, LT
1	ASAS209605	hostbaltic UAB Host Baltic, LT
1	ASAS209605	hostbaltic UAB Host Baltic, LT
1	ASAS209588	FLYSERVERS-ASN Flyservers S.A., PA
1	ASAS209559	XHOST-INTERNET-SOLUTIONS XHOST INTERNET SOLUTIONS LP, GB
1	ASAS209559	XHOST-INTERNET-SOLUTIONS XHOST INTERNET SOLUTIONS LP, GB
1	ASAS209559	XHOST-INTERNET-SOLUTIONS XHOST INTERNET SOLUTIONS LP, GB
1	ASAS209160	Miti2000 Miti 2000 EOOD, BG
1	ASAS208091	XHOST-INTERNET-SOLUTIONS XHOST INTERNET SOLUTIONS LP, GB
1	ASAS208046	ColocationX-Datacenter ColocationX Ltd., GB
1	ASAS208046	ColocationX-Datacenter ColocationX Ltd., GB
1	ASAS208046	ColocationX-Datacenter ColocationX Ltd., GB
1	ASAS208046	ColocationX-Datacenter ColocationX Ltd., GB
1	ASAS207566	LD007-AS Chang Way Technologies Co. Limited, HK
1	ASAS206264	AMARUTU-TECHNOLOGY Amarutu Technology Ltd, SC
1	ASAS202425	INT-NETWORK IP Volume inc, SC
1	ASAS202425	INT-NETWORK IP Volume inc, SC
1	ASAS202425	INT-NETWORK IP Volume inc, SC
1	ASAS202425	INT-NETWORK IP Volume inc, SC
1	ASAS202425	INT-NETWORK IP Volume inc, SC
1	ASAS202425	INT-NETWORK IP Volume inc, SC
1	ASAS202425	INT-NETWORK IP Volume inc, SC
1	ASAS202425	INT-NETWORK IP Volume inc, SC
1	ASAS202425	INT-NETWORK IP Volume inc, SC
1	ASAS202325	AS_4Media 4Media Ltd., BG
1	ASAS201814	Mevspace MEVSPACE sp. z o.o., PL
1	ASAS201814	Mevspace MEVSPACE sp. z o.o., PL
1	ASAS201814	Mevspace MEVSPACE sp. z o.o., PL
1	ASAS201814	Mevspace MEVSPACE sp. z o.o., PL
1	ASAS201814	Mevspace MEVSPACE sp. z o.o., PL
1	ASAS201814	Mevspace MEVSPACE sp. z o.o., PL
1	ASAS201814	Mevspace MEVSPACE sp. z o.o., PL
1	ASAS201814	Mevspace MEVSPACE sp. z o.o., PL
1	ASAS201814	Mevspace MEVSPACE sp. z o.o., PL
1	ASAS200391	KREZ999AS KREZ 999 EOOD, BG
1	ASAS200391	KREZ999AS KREZ 999 EOOD, BG
1	ASAS17622	CNCGROUP-GZ China Unicom Guangzhou network, CN
1	ASAS16509	AMAZON-02, US
1	ASAS16509	AMAZON-02, US
1	ASAS16509	AMAZON-02, US
1	ASAS16509	AMAZON-02, US
1	ASAS16276	OVH OVH SAS, FR
1	ASAS16276	OVH OVH SAS, FR
1	ASAS151853	GIZANETWORK-VN GIZA NETWORK LIMITED, VN
1	ASAS15169	GOOGLE, US
1	ASAS15169	GOOGLE, US
1	ASAS15169	GOOGLE, US
1	ASAS15169	GOOGLE, US
1	ASAS14987	RETHEMHOSTING, US
1	ASAS141167	AGOTOZHKLIMITED-AS-AP AgotoZ HK Limited, HK
1	ASAS14061	DIGITALOCEAN-ASN, US
1	ASAS14061	DIGITALOCEAN-ASN, US
1	ASAS14061	DIGITALOCEAN-ASN, US
1	ASAS14061	DIGITALOCEAN-ASN, US
1	ASAS14061	DIGITALOCEAN-ASN, US
1	ASAS14061	DIGITALOCEAN-ASN, US
1	ASAS131414	LVSOFT-AS-VN Long Van Soft Solution JSC, VN
1	ASAS12876	AS12876 SCALEWAY S.A.S., FR
1	ASAS10439	CARINET, US
1	ASAS10439	CARINET, US
