1361	AS15169	GOOGLE, US
800	AS201814	Mevspace MEVSPACE sp. z o.o., PL
341	AS214940	KPRONET KPROHOST LLC, US
171	AS202425	INT-NETWORK IP Volume inc, SC
118	AS32934	FACEBOOK, US
113	AS51396	PFCLOUD Pfcloud UG, DE
96	AS4609	CTM-MO Companhia de Telecomunicacoes de Macau SARL, MO
92	AS216167	SKOALI Skoali SAS, FR
91	AS55430	STARHUB-NGNBN Starhub Ltd, SG
74	AS16509	AMAZON-02, US
69	AS214295	SKYNET SKYNET NETWORK LTD, GB
69	AS215925	VPSVAULTHOST VPSVAULT.HOST LTD, GB
66	AS20940	AKAMAI-ASN1 Akamai International B.V., NL
60	AS204428	SS-Net SS-Net, BG
57	AS50360	TAMATIYA-AS Tamatiya EOOD, BG
53	AS714	APPLE-ENGINEERING, US
48	AS210848	TK-NET Telkom Internet LTD, SC
46	AS213613	BotShield-LTD BOTSHIELD LTD, GB
39	AS396982	GOOGLE-CLOUD-PLATFORM, US
38	AS51852	PLI-AS Private Layer INC, PA
35	AS209559	XHOST-INTERNET-SOLUTIONS XHOST INTERNET SOLUTIONS LP, GB
32	AS45102	ALIBABA-CN-NET Alibaba US Technology Co., Ltd., CN
30	AS52053	REDHEBERG REDHEBERG Association declaree, FR
30	AS57509	LL-Investment-Ltd L&amp;L Investment Ltd., BG
30	AS8075	MICROSOFT-CORP-MSN-AS-BLOCK, US
21	AS398722	CENSYS-ARIN-03, US
17	AS207812	DM_AUTO DM AUTO EOOD, BG
16	AS14061	DIGITALOCEAN-ASN, US
16	AS14618	AMAZON-AES, US
16	AS42237	w1n w1n ltd, GB
16	AS49870	AS49870-BV Alsycon B.V., NL
16	AS59425	HORIZONMSK-AS Chang Way Technologies Co. Limited, HK
15	AS200391	KREZ999AS KREZ 999 EOOD, BG
14	AS16276	OVH OVH SAS, FR
14	AS16625	AKAMAI-AS, US
14	AS28255	Wtl Telecomunicacoes do Brasil Ltda, BR
14	AS4134	CHINANET-BACKBONE No.31,Jin-rong Street, CN
13	AS19318	IS-AS-1, US
13	AS209160	Miti2000 Miti 2000 EOOD, BG
13	AS4760	HKTIMS-AP HKT Limited, HK
12	AS202325	AS_4Media 4Media Ltd., BG
12	AS48090	DMZHOST TECHOFF SRV LIMITED, GB
11	AS197183	Occentus Occentus Network SL, ES
11	AS211298	DRIFTNET Driftnet Ltd, GB
11	AS38283	CHINANET-SCIDC-AS-AP CHINANET SiChuan Telecom Internet Data Center, CN
11	AS398324	CENSYS-ARIN-01, US
11	AS398705	CENSYS-ARIN-02, US
9	AS12389	ROSTELECOM-AS PJSC Rostelecom, RU
9	AS207566	LD007-AS Chang Way Technologies Co. Limited, HK
9	AS49477	E-TF1 E-TF1 SAS, FR
8	AS138608	CLOUDHOST-AS-AP Cloud Host Pte Ltd, SG
8	AS208046	ColocationX-Datacenter ColocationX Ltd., GB
8	AS35916	MULTA-ASN1, US
7	AS141167	AGOTOZHKLIMITED-AS-AP AgotoZ HK Limited, HK
7	AS23470	RELIABLESITE, US
7	AS396356	LATITUDE-SH, US
6	AS13335	CLOUDFLARENET, US
5	AS209605	hostbaltic UAB Host Baltic, LT
5	AS214967	OPTIBOUNCE Optibounce, LLC, US
5	AS50580	MARIO Mario Networks Limited, GB
5	AS9009	M247 M247 Europe SRL, RO
